{
  "id": "/subscriptions/f77d1069-ae9e-4b5a-b9c0-726cdb9b1e7a/resourceGroups/FlaskApp1_group/providers/Microsoft.Resources/deployments/Microsoft.Web-WebApp-Portal-d6790d73-9566",
  "name": "Microsoft.Web-WebApp-Portal-d6790d73-9566",
  "type": "Microsoft.Resources/deployments",
  "properties": {
    "templateHash": "12753171460313690271",
    "parameters": {
      "subscriptionId": {
        "type": "String",
        "value": "f77d1069-ae9e-4b5a-b9c0-726cdb9b1e7a"
      },
      "resourceGroupName": {
        "type": "String",
        "value": "FlaskApp1_group"
      },
      "name": {
        "type": "String",
        "value": "FlaskApp1"
      },
      "location": {
        "type": "String",
        "value": "Norway East"
      },
      "hostingPlanName": {
        "type": "String",
        "value": "ASP-FlaskApp1group-8035"
      },
      "serverFarmResourceGroup": {
        "type": "String",
        "value": "FlaskApp1_group"
      },
      "alwaysOn": {
        "type": "Bool",
        "value": false
      },
      "ftpsState": {
        "type": "String",
        "value": "FtpsOnly"
      },
      "autoGeneratedDomainNameLabelScope": {
        "type": "String",
        "value": "TenantReuse"
      },
      "sku": {
        "type": "String",
        "value": "Basic"
      },
      "skuCode": {
        "type": "String",
        "value": "B1"
      },
      "workerSize": {
        "type": "String",
        "value": "0"
      },
      "workerSizeId": {
        "type": "String",
        "value": "0"
      },
      "numberOfWorkers": {
        "type": "String",
        "value": "1"
      },
      "linuxFxVersion": {
        "type": "String",
        "value": "PYTHON|3.12"
      }
    },
    "mode": "Incremental",
    "debugSetting": {
      "detailLevel": "None"
    },
    "provisioningState": "Succeeded",
    "timestamp": "2026-01-14T13:13:10.5015144Z",
    "duration": "PT53.2137871S",
    "correlationId": "fef5f7cb-bfc6-4a34-b602-eca36daa8a0c",
    "providers": [
      {
        "namespace": "Microsoft.Web",
        "resourceTypes": [
          {
            "resourceType": "sites",
            "locations": [
              "norwayeast"
            ]
          },
          {
            "resourceType": "sites/basicPublishingCredentialsPolicies",
            "locations": [
              null
            ]
          },
          {
            "resourceType": "serverfarms",
            "locations": [
              "norwayeast"
            ]
          }
        ]
      }
    ],
    "dependencies": [
      {
        "dependsOn": [
          {
            "id": "/subscriptions/f77d1069-ae9e-4b5a-b9c0-726cdb9b1e7a/resourceGroups/FlaskApp1_group/providers/Microsoft.Web/serverfarms/ASP-FlaskApp1group-8035",
            "resourceType": "Microsoft.Web/serverfarms",
            "resourceName": "ASP-FlaskApp1group-8035"
          }
        ],
        "id": "/subscriptions/f77d1069-ae9e-4b5a-b9c0-726cdb9b1e7a/resourceGroups/FlaskApp1_group/providers/Microsoft.Web/sites/FlaskApp1",
        "resourceType": "Microsoft.Web/sites",
        "resourceName": "FlaskApp1"
      },
      {
        "dependsOn": [
          {
            "id": "/subscriptions/f77d1069-ae9e-4b5a-b9c0-726cdb9b1e7a/resourceGroups/FlaskApp1_group/providers/Microsoft.Web/Sites/FlaskApp1",
            "resourceType": "Microsoft.Web/Sites",
            "resourceName": "FlaskApp1"
          }
        ],
        "id": "/subscriptions/f77d1069-ae9e-4b5a-b9c0-726cdb9b1e7a/resourceGroups/FlaskApp1_group/providers/Microsoft.Web/sites/FlaskApp1/basicPublishingCredentialsPolicies/scm",
        "resourceType": "Microsoft.Web/sites/basicPublishingCredentialsPolicies",
        "resourceName": "FlaskApp1/scm"
      },
      {
        "dependsOn": [
          {
            "id": "/subscriptions/f77d1069-ae9e-4b5a-b9c0-726cdb9b1e7a/resourceGroups/FlaskApp1_group/providers/Microsoft.Web/Sites/FlaskApp1",
            "resourceType": "Microsoft.Web/Sites",
            "resourceName": "FlaskApp1"
          }
        ],
        "id": "/subscriptions/f77d1069-ae9e-4b5a-b9c0-726cdb9b1e7a/resourceGroups/FlaskApp1_group/providers/Microsoft.Web/sites/FlaskApp1/basicPublishingCredentialsPolicies/ftp",
        "resourceType": "Microsoft.Web/sites/basicPublishingCredentialsPolicies",
        "resourceName": "FlaskApp1/ftp"
      }
    ],
    "outputResources": [
      {
        "id": "/subscriptions/f77d1069-ae9e-4b5a-b9c0-726cdb9b1e7a/resourceGroups/FlaskApp1_group/providers/Microsoft.Web/serverfarms/ASP-FlaskApp1group-8035"
      },
      {
        "id": "/subscriptions/f77d1069-ae9e-4b5a-b9c0-726cdb9b1e7a/resourceGroups/FlaskApp1_group/providers/Microsoft.Web/sites/FlaskApp1"
      },
      {
        "id": "/subscriptions/f77d1069-ae9e-4b5a-b9c0-726cdb9b1e7a/resourceGroups/FlaskApp1_group/providers/Microsoft.Web/sites/FlaskApp1/basicPublishingCredentialsPolicies/ftp"
      },
      {
        "id": "/subscriptions/f77d1069-ae9e-4b5a-b9c0-726cdb9b1e7a/resourceGroups/FlaskApp1_group/providers/Microsoft.Web/sites/FlaskApp1/basicPublishingCredentialsPolicies/scm"
      }
    ],
    "validationLevel": "Template"
  },
  "tags": {
    "primaryResourceId": "/subscriptions/f77d1069-ae9e-4b5a-b9c0-726cdb9b1e7a/resourcegroups/FlaskApp1_group/providers/Microsoft.Web/sites/FlaskApp1",
    "provisioningHash": "customize-post-provisioning-steps-webapp-deployment"
  }
}