[
  {
    "id": "/subscriptions/f77d1069-ae9e-4b5a-b9c0-726cdb9b1e7a/resourceGroups/FlaskApp1_group/providers/Microsoft.Resources/deployments/Microsoft.Web-WebApp-Portal-d6790d73-9566/operations/EC2D321A89DE53DD",
    "operationId": "EC2D321A89DE53DD",
    "properties": {
      "provisioningOperation": "Create",
      "provisioningState": "Succeeded",
      "timestamp": "2026-01-14T13:13:09.0402079Z",
      "duration": "PT1.3206921S",
      "trackingId": "7bcec387-b4e6-4270-aace-7356ea107f9f",
      "statusCode": "OK",
      "targetResource": {
        "id": "/subscriptions/f77d1069-ae9e-4b5a-b9c0-726cdb9b1e7a/resourceGroups/FlaskApp1_group/providers/Microsoft.Web/sites/FlaskApp1/basicPublishingCredentialsPolicies/ftp",
        "resourceType": "Microsoft.Web/sites/basicPublishingCredentialsPolicies",
        "resourceName": "FlaskApp1/ftp"
      }
    }
  },
  {
    "id": "/subscriptions/f77d1069-ae9e-4b5a-b9c0-726cdb9b1e7a/resourceGroups/FlaskApp1_group/providers/Microsoft.Resources/deployments/Microsoft.Web-WebApp-Portal-d6790d73-9566/operations/031C6F698BFF5C83",
    "operationId": "031C6F698BFF5C83",
    "properties": {
      "provisioningOperation": "Create",
      "provisioningState": "Succeeded",
      "timestamp": "2026-01-14T13:12:24.113349Z",
      "duration": "PT45.6850425S",
      "trackingId": "1a8c4f65-548d-421e-87ec-deda0f1cfe49",
      "statusCode": "OK",
      "targetResource": {
        "id": "/subscriptions/f77d1069-ae9e-4b5a-b9c0-726cdb9b1e7a/resourceGroups/FlaskApp1_group/providers/Microsoft.Web/sites/FlaskApp1/basicPublishingCredentialsPolicies/scm",
        "resourceType": "Microsoft.Web/sites/basicPublishingCredentialsPolicies",
        "resourceName": "FlaskApp1/scm"
      }
    }
  },
  {
    "id": "/subscriptions/f77d1069-ae9e-4b5a-b9c0-726cdb9b1e7a/resourceGroups/FlaskApp1_group/providers/Microsoft.Resources/deployments/Microsoft.Web-WebApp-Portal-d6790d73-9566/operations/7976A5DAC19E6D27",
    "operationId": "7976A5DAC19E6D27",
    "properties": {
      "provisioningOperation": "Create",
      "provisioningState": "Succeeded",
      "timestamp": "2026-01-14T13:12:24.113349Z",
      "duration": "PT44.8881715S",
      "trackingId": "2fb186c5-894c-4030-a4b5-3bfd4ea956f7",
      "statusCode": "OK",
      "targetResource": {
        "id": "/subscriptions/f77d1069-ae9e-4b5a-b9c0-726cdb9b1e7a/resourceGroups/FlaskApp1_group/providers/Microsoft.Web/sites/FlaskApp1",
        "resourceType": "Microsoft.Web/sites",
        "resourceName": "FlaskApp1"
      }
    }
  },
  {
    "id": "/subscriptions/f77d1069-ae9e-4b5a-b9c0-726cdb9b1e7a/resourceGroups/FlaskApp1_group/providers/Microsoft.Resources/deployments/Microsoft.Web-WebApp-Portal-d6790d73-9566/operations/7E4EFBA781789C3F",
    "operationId": "7E4EFBA781789C3F",
    "properties": {
      "provisioningOperation": "Create",
      "provisioningState": "Succeeded",
      "timestamp": "2026-01-14T13:12:24.113349Z",
      "duration": "PT18.4662161S",
      "trackingId": "af352cb2-1a35-4b76-9ad6-d2cae3618dfa",
      "statusCode": "OK",
      "targetResource": {
        "id": "/subscriptions/f77d1069-ae9e-4b5a-b9c0-726cdb9b1e7a/resourceGroups/FlaskApp1_group/providers/Microsoft.Web/serverfarms/ASP-FlaskApp1group-8035",
        "resourceType": "Microsoft.Web/serverfarms",
        "resourceName": "ASP-FlaskApp1group-8035"
      }
    }
  },
  {
    "id": "/subscriptions/f77d1069-ae9e-4b5a-b9c0-726cdb9b1e7a/resourceGroups/FlaskApp1_group/providers/Microsoft.Resources/deployments/Microsoft.Web-WebApp-Portal-d6790d73-9566/operations/08584332105481879635",
    "operationId": "08584332105481879635",
    "properties": {
      "provisioningOperation": "EvaluateDeploymentOutput",
      "provisioningState": "Succeeded",
      "timestamp": "2026-01-14T13:13:10.3924623Z",
      "duration": "PT0.077801S",
      "trackingId": "796b7b5e-aa77-4bb1-b49b-e0355bc0a054",
      "statusCode": "OK"
    }
  }
]